<?xml version="1.0" encoding="UTF-8"?>
<project-private xmlns="http://www.netbeans.org/ns/project-private/1">
    <editor-bookmarks xmlns="http://www.netbeans.org/ns/editor-bookmarks/2" lastBookmarkId="0"/>
    <open-files xmlns="http://www.netbeans.org/ns/projectui-open-files/2">
        <group>
            <file>file:/home/elias/Documentos/7-periodo/programação%20orientada%20a%20objetos/cliente/Restaurante/src/restaurante/Restaurante.java</file>
            <file>file:/home/elias/Documentos/7-periodo/programação%20orientada%20a%20objetos/cliente/Restaurante/src/view/Interface.java</file>
        </group>
    </open-files>
</project-private>
